{	
	"map": [
    ["R", ".", ".", "@0", ".", ".", ".", ".", ".", ".", ".", ".", "*", "#", "#", "#"], 
	["#", "#", "#", "#", "#", "#", "#", "@1", ".", "#", "#", "#", "#", "#", "#", "#"],
	["#", "#", "#", "#", "#", "#", "#", ".", ".", "#", "#", "#", "#", "#", "#", "#"],
	["#", "#", "#", "#", "*", ".", ".", ".", ".", ".", ".", ".", ".", ".", ".", "*"]],
	"specSymbols": [
		{
			"symbol": "*",
			"count": 5,
			"style": "star",
			"name": "звезда",
			"action": "eat",
			"points": 10,
			"dLife": 0
		}
	],
	"keys": [],
	"locks": [],
	"movingElements":[{
		"style": "monster",
		"path": [
			{"x": 2, "y": 0, "dir": "R", "initCnt": 9}, 
			{"x": 11, "y": 0, "dir": "L", "initCnt": 11}, 
			{"x": 0, "y": 0, "dir": "R", "initCnt": 2}
			],
		"looped": true,
		"die": true
	},
	{
		"style": "monster",
		"path": [
			{"x": 7, "y": 1, "dir": "D", "initCnt": 2}, 
			{"x": 7, "y": 3, "dir": "R", "initCnt": 1}, 
			{"x": 8, "y": 3, "dir": "U", "initCnt": 2}, 
			{"x": 8, "y": 1, "dir": "L", "initCnt": 1}
			],
		"looped": true,
		"die": true
	}],
	"commands": ["forward", "left", "right", "wait"],
	"startLife": 1,
	"dLife": 0,
	"startPoints": 0,
	"maxStep": 50
}