{
	"map": [
    ["#", "#", "#", "#", "#", "#", "#", "#"],
    ["R", ".", "@", ".", ".", ".", ".", "#"],
	["#", ".", ".", ".", "@", ".", ".", "#"],
	["#", ".", ".", ".", ".", ".", ".", "#"],
	["#", ".", ".", ".", ".", ".", "*", "#"],
    ["#", "#", "#", "#", "#", "#", "#", "#"]],
	"spec_symbols": [
		{
			"symbol": "*",
			"count": 1,
			"style": "star",
			"name": "звезда",
			"do": "eat",
			"points": 10,
			"dLife": 0
		}
	],
	"cleaner": [],
	"cleaned": [],
	"moving_elements":[{
		"style": "monster",
		"path": [
			{"x": 2, "y": 2, "dir": "D", "initCnt": 2}, 
			{"x": 2, "y": 4, "dir": "U", "initCnt": 3},
			{"x": 2, "y": 1, "dir": "D", "initCnt": 3}
			],
		"looped": true,
		"die": true
		},
		{
		"style": "monster",
		"path": [
			{"x": 4, "y": 3, "dir": "D", "initCnt": 1}, 
			{"x": 4, "y": 4, "dir": "U", "initCnt": 3}, 
			{"x": 4, "y": 1, "dir": "D", "initCnt": 3}
			],
		"looped": true,
		"die": true
		}],
	"commands": ["forward", "left", "right", "wait"],
	"startLife": 1,
	"dLife": 0,
	"startPoints": 0,
	"maxStep": 12
}
