﻿<?xml version="1.0" encoding="UTF-8"?>
<CATS version="1.7">
<Problem title="Обучение-2" lang="ru"
  author="E. Vasilyeva" tlimit="1" mlimit="256" inputFile="input.txt" outputFile="output.txt">

<Keyword code="cmp.trivial" />

<ProblemStatement>
<p>
Необходимо подобрать звездочку
</p><p>
</p><p>
</p>
</ProblemStatement>
<JsonData><include src="problem.json"/></JsonData>
<InputFormat>
  Входной файл.
</InputFormat>

<OutputFormat>
  Выходной файл.
</OutputFormat>

<FormalInput>
string name = s, lenrange = [1, 100000], chars = {A-Z};
</FormalInput>

<ProblemConstraints>
<p>$n$</p>
</ProblemConstraints>

<Sample rank="1">
  <SampleIn>X</SampleIn>
  <SampleOut>0</SampleOut>
</Sample>

<Solution src="sol_.pp" name="sol" />
<Module name="problem" src="problem.json" type="checker" de_code="1"/>
<Checker style="partial" src="Main.py" />
<Test rank="*"><Out use="sol" /></Test>

<Test rank="1" points = "10"><In src="problem.json"/></Test>
</Problem>
</CATS>