{
	"map": [
    ["#", "#", "#", "#", "#", "#", "#", "#", "#"],
	["#", ".", ".", ".", "#", ".", ".", "*", "#"],
	["#", ".", ".", ".", "#", ".", ".", ".", "#"],
	["#", ".", ".", ".", "#", ".", ".", ".", "#"],
	["#", ".", ".", "._", "#_", ".", ".", ".", "#"],
	["#", ".", ".", ".", "#", ".", ".", ".", "#"],
    ["#", ".", ".", ".", "#", ".", ".", ".", "#"],
	["R", ".", ".", ".", "#", ".", ".", ".", "#"],
    ["#", "#", "#", "#", "#", "#", "#", "#", "#"]],
	"specSymbols": [
		{
			"symbol": "*",
			"count": 1,
			"style": "star",
			"name": "звезда",
			"action": "eat",
			"points": 50,
			"dLife": 0
		}
	],
	"keys": [{"x": 3, "y": 4}],
	"locks": [[{"x": 4, "y": 4}]],
	"movingElements":[],
	"commands": ["forward", "left", "right"],
	"startLife": 1,
	"dLife": 0,
	"startPoints": 0
}
