{	
	"map": [
    ["#", "#", "#", "#", ".", ".", "#", "#", "#", "#", "#", "#", "#", "#"], 
	["R", ".", ".", ".", "&", "*", ".", ".", ".", ".", ".", ".", "@0", "#"], 
	["#", "#", "#", ".", ".", "#", "#", "#", "#", "#", "#", "#", ".", "#"], 
	["#", "#", "#", "#", "#", "#", "#", "#", ".", "#", "#", "#", ".", "."], 
	["#", "@1", ".", ".", ".", ".", ".", "*", "&", ".", ".", ".", ".", "."],
	["#", ".", "&", ".", "#", "#", "#", ".", ".", ".", "#", "#", ".", "#"], 
	["#", ".", ".", "#", "#", "#", "#", "#", "*", "#", "#", "#", ".", "#"], 
	["#", ".", "#", "#", "#", "#", "#", "#", ".", "#", "#", "#", "#", "#"], 
	["#", "*", "#", "#", "#", "#", "#", "#", "#", "#", "#", "#", "#", "#"]],
	"specSymbols": [
		{
			"symbol": "*",
			"count": 4,
			"style": "star",
			"name": "звезда",
			"action": "eat",
			"points": 25,
			"dLife": 0, 
			"zIndex": 2 
		},
		{
			"symbol": "&",
			"count": 3,
			"style": "box",
			"name": "ящик",
			"action": "move",
			"points": 0,
			"dLife": 0,
			"zIndex": 3
		}
	],
	"keys": [],
	"locks": [],
	"movingElements":[{
		"style": "monster",
		"path": [
			{"x": 12, "y": 1, "dir": "D", "initCnt": 5}, 
			{"x": 12, "y": 6, "dir": "U", "initCnt": 5}
			],
		"looped": true,
		"die": true,
		"zIndex": 3
	},
	{
		"style": "monster",
		"path": [
			{"x": 1, "y": 4, "dir": "D", "initCnt": 4}, 
			{"x": 1, "y": 8, "dir": "U", "initCnt": 4}
			],
		"looped": true,
		"die": true,
		"zIndex": 3
	}],
	"commands": ["forward", "left", "right", "wait"],
	"startLife": 1,
	"dLife": 0,
	"startPoints": 0,
	"maxCmdNum": 40
}