{
	"map": [
    ["#", "#", "#", "#", "#", "#", "#", "#", "#", "#", "#", "#", "#", "#", "#"],
	["#", ".", ".", ".", ".", ".", ".", ".", ".", ".", ".", ".", ".", ".", "#"],
	["#", ".", ".", ".", ".", ".", "#", ".", "#", ".", ".", ".", ".", ".", "#"],
	["#", ".", ".", "*", ".", ".", "#", ".", "#", ".", ".", "*", ".", ".", "#"],
	["#", ".", ".", ".", ".", ".", "#", ".", "#", ".", ".", ".", ".", ".", "#"],
	["#", ".", ".", ".", ".", ".", "#", ".", "#", ".", ".", ".", ".", ".", "#"],
	["#", "#", "#", "#", "#", "#", "#", ".", "#", "#", "#", "#", "#", "#", "#"],
	["R", ".", ".", ".", ".", ".", ".", ".", ".", ".", ".", ".", ".", ".", "#"],
	["#", "#", "#", "#", "#", "#", "#", ".", "#", "#", "#", "#", "#", "#", "#"],
	["#", ".", ".", ".", ".", ".", "#", ".", "#", ".", ".", ".", ".", ".", "#"],
	["#", ".", ".", ".", ".", ".", "#", ".", "#", ".", ".", ".", ".", ".", "#"],
	["#", ".", ".", "*", ".", ".", "#", ".", "#", ".", ".", "*", ".", ".", "#"],
	["#", ".", ".", ".", ".", ".", "#", ".", "#", ".", ".", ".", ".", ".", "#"],
	["#", ".", ".", ".", ".", ".", ".", ".", ".", ".", ".", ".", ".", ".", "#"],
    ["#", "#", "#", "#", "#", "#", "#", "#", "#", "#", "#", "#", "#", "#", "#"]],
	"spec_symbols": [
		{
			"symbol": "*",
			"count": 4,
			"style": "star",
			"name": "звезда",
			"do": "eat",
			"points": 50,
			"dLife": 0
		}
	],
	"cleaner": [],
	"cleaned": [],
	"moving_elements":[],
	"commands": ["forward", "left", "right"],
	"startLife": 1,
	"dLife": 0,
	"startPoints": 0
}
