﻿<?xml version="1.0" encoding="UTF-8"?>
<CATS version="1.7">
<Problem title="Задача-2" lang="ru"
  author="E. Vasilyeva" tlimit="1" mlimit="256" inputFile="input.txt" outputFile="output.txt">

<Keyword code="cmp.trivial" />

<ProblemStatement>
<p>
Нужно набрать максимальное количество очков, затратив при этом не более, чем указанное количество команд.</p>
<p>За каждый собранный бонус игрок получает 30 очков.</p>
</ProblemStatement>
<JsonData><include src="problem.json"/></JsonData>
<InputFormat>
  Входной файл.
</InputFormat>

<OutputFormat>
  Выходной файл.
</OutputFormat>

<FormalInput>
string name = s, lenrange = [1, 100000], chars = {A-Z};
</FormalInput>

<ProblemConstraints>
<p>$n$</p>
</ProblemConstraints>

<Sample rank="1">
  <SampleIn>X</SampleIn>
  <SampleOut>0</SampleOut>
</Sample>

<Solution src="sol_.pp" name="sol" />
<Module name="problem" src="problem.json" type="checker" de_code="1"/>
<Module name="json" src="jsonlib.zip" type="checker" de_code="4"/>
<Import guid="algBaseCheker" type="checker"/>
<Test rank="*"><Out use="sol" /></Test>

<Test rank="1" points = "150"><In src="problem.json"/></Test>
</Problem>
</CATS>