{	
	"map": [
    [".", ".", ".", ".", ".", ".", ".", ".", ".", "L"], 
	["#", "#", "#", ".", "#", "#", "#", "#", "#", "#"],
	["#", "#", "#", ".", "#", ".", "#", "#", ".", "#"],
	[".", "*", ".", ".", ".", ".", "@0", ".", ".", "*"],
	["#", "#", "#", "#", ".", "#", "*", "#", ".", "#"],
	["#", "#", "*", "#", ".", "#", "#", "#", "#", "*"],
	[".", ".", ".", ".", ".", ".", ".", ".", ".", "."]],
	"spec_symbols": [
		{
			"symbol": "*",
			"count": 5,
			"style": "star",
			"name": "звезда",
			"do": "eat",
			"points": 10,
			"dLife": 0
		}
	],
	"cleaner": [],
	"cleaned": [],
	"moving_elements":[{
		"style": "monster",
		"path": [
			{"x": 6, "y": 3, "dir": "R", "initCnt": 3}, 
			{"x": 9, "y": 3, "dir": "L", "initCnt": 9}, 
			{"x": 0, "y": 3, "dir": "R", "initCnt": 6}
			],
		"looped": true,
		"die": true
	}],
	"commands": ["forward", "left", "right", "wait"],
	"startLife": 1,
	"dLife": 0,
	"startPoints": 0,
	"maxStep": 95
}